start,end,peak_time,peak_flux,peak_log_flux,duration_min,baseline_flux,baseline_mad,peak_to_baseline_ratio,max_z_mean,max_z_mad,max_roc
2026-09-04 19:08:00+00:00,2026-09-04 19:14:00+00:00,2026-09-04 19:14:00+00:00,4.301381068216865e-06,-5.366392080697992,6.0,5.263211164674426e-07,5.486697318701454e-09,8.17254131296657,,,
2026-09-05 09:32:00+00:00,2026-09-05 09:36:00+00:00,2026-09-05 09:35:00+00:00,5.575279260483512e-07,-6.2537333743337,4.0,1.1397466437301765e-07,,4.891682981611309,,,
2026-09-05 12:02:00+00:00,2026-09-05 12:06:00+00:00,2026-09-05 12:02:00+00:00,1.5257882068908653e-06,-5.816505746172863,4.0,4.739760299798946e-07,1.743666189213421e-08,3.2191252518731526,,,
2026-09-05 15:15:00+00:00,2026-09-05 15:20:00+00:00,2026-09-05 15:18:00+00:00,1.0190282409894278e-05,-4.991813779942624,5.0,4.129427111365654e-07,8.574005505578931e-09,24.677230364103032,,,
2026-09-05 17:41:00+00:00,2026-09-05 17:46:00+00:00,2026-09-05 17:46:00+00:00,8.532091669621876e-06,-5.0689444870954325,5.0,6.329598249976694e-07,1.290885620619509e-08,13.479673326270419,,,
2026-09-06 09:33:00+00:00,2026-09-06 09:37:00+00:00,2026-09-06 09:33:00+00:00,4.280133794054566e-07,-6.368542655026215,4.0,9.843216020044568e-08,,4.348308302224161,,,
2026-09-06 10:40:00+00:00,2026-09-06 10:44:00+00:00,2026-09-06 10:42:00+00:00,5.088231773697773e-06,-5.293433114390809,4.0,4.1261475303144813e-07,1.0372360748078314e-08,12.331676791280326,,,
2026-09-07 14:57:00+00:00,2026-09-07 15:02:00+00:00,2026-09-07 14:59:00+00:00,7.885927288953094e-07,-6.103147231593511,5.0,3.2435943353448217e-07,1.6873400454640663e-09,2.4312310584038412,,,
2026-09-07 19:36:00+00:00,2026-09-07 19:40:00+00:00,2026-09-07 19:36:00+00:00,9.45062197388324e-07,-6.024539608322855,4.0,4.088316245542955e-07,3.915388901987203e-08,2.311617156374882,,,
2026-09-08 09:35:00+00:00,2026-09-08 09:39:00+00:00,2026-09-08 09:38:00+00:00,3.557113643637424e-07,-6.448902259633948,4.0,1.1225324669794645e-07,,3.168829186035915,,,
2026-09-08 23:28:00+00:00,2026-09-08 23:33:00+00:00,2026-09-08 23:33:00+00:00,1.7986197917707607e-06,-5.745060631978082,5.0,5.151258619662258e-07,1.316738007517394e-08,3.4916122923928974,,,
2026-09-09 10:30:00+00:00,2026-09-09 10:34:00+00:00,2026-09-09 10:32:00+00:00,3.219840209567339e-06,-5.492165680423763,4.0,8.198387035918138e-07,5.055682095189822e-08,3.927406934389441,,,
2026-09-10 07:46:00+00:00,2026-09-10 07:50:00+00:00,2026-09-10 07:46:00+00:00,6.042977815923222e-07,-6.218749000065595,4.0,3.321808037526352e-07,4.730651426143383e-09,1.8191833325875268,,,
