event_id,start_time,peak_time,end_time,has_interpolated_points,bg_flux,peak_flux,peak_to_bg_ratio,excess_flux,rise_duration_min,rise_slope,max_roc,mean_pos_roc,max_z_mean,max_z_mad,duration_min,decay_duration_min,decay_slope,peak_location_ratio,asymmetry_ratio,mean_flux,median_flux,std_flux,mad_flux,iqr_flux,persistence_points,noaa_event_id,noaa_class_letter,noaa_class,abs_peak_error_min
EVT_0003,2026-09-04 19:04:00,2026-09-04 19:21:00,2026-09-04 19:21:00,FALSE,5.25401986806173e-07,5.31814703208511e-06,10.1220535240325,4.79274504527894e-06,17,0.0535500226444183,0.229295566440538,0.0558060858644781,15.3558827135623,107.357576335709,17,0,0,1,NA,3.47623756940468e-06,3.95265851693694e-06,1.66063634500499e-06,1.63508925475071e-06,2.50974147775196e-06,18,NOAA_0001,C,C6.7,9
EVT_0004,2026-09-04 21:07:00,2026-09-04 21:19:00,2026-09-04 21:19:00,FALSE,6.58648701801212e-07,1.24883695207245e-06,1.89605923257307,5.90188250271241e-07,12,0.0129976950578285,0.0323676222706117,0.0144192893109903,3.34696952011967,4.46917449008654,12,0,0,1,NA,1.10575958317965e-06,1.13612509267114e-06,1.28008773734002e-07,1.51568121236778e-07,2.01489456230776e-07,13,NOAA_0002,C,C1.2,2
EVT_0005,2026-09-04 22:39:00,2026-09-04 22:41:00,2026-09-04 22:48:00,FALSE,5.92615094774373e-07,9.53457970354066e-07,1.60889923115623,3.60842875579692e-07,2,0.0454164991616177,0.0785070720212433,0.0564466901148262,7.24582956298295,11.2009242422226,9,7,-0.0217996790879564,0.222222222222222,0.285714285714286,8.11173532611065e-07,7.92966147855623e-07,9.46032594937386e-08,1.15112576247611e-07,1.48572453895213e-07,10,NOAA_0003,B,B9.5,0
EVT_0011,2026-09-05 03:50:00,2026-09-05 03:53:00,2026-09-05 03:58:00,FALSE,4.33707413094453e-07,6.22006325556867e-07,1.43416115744696,1.88298912462414e-07,3,0.0244090705970474,0.0488974334877756,0.0300743783405908,5.99604986736474,9.4533146696182,8,5,-0.0169191575886438,0.375,0.6,5.80284329822057e-07,5.87850308875204e-07,3.82708895894905e-08,4.9125269663364e-08,6.22474090050669e-08,9,NOAA_0004,B,B6.2,0
EVT_0016,2026-09-05 10:29:00,2026-09-05 10:44:00,2026-09-05 10:44:00,FALSE,7.00971838796249e-07,6.3756738200027e-06,9.09547783110858,5.67470198120645e-06,15,0.0586109793939014,0.130968265134016,0.0665243404139024,4.64357981690819,6.84507153515404,15,0,0,1,NA,2.96311870329191e-06,1.83613190074539e-06,1.95808190194276e-06,1.20991446145809e-06,3.11818146769838e-06,16,NOAA_0005,C,C6.4,1
EVT_0017,2026-09-05 11:58:00,2026-09-05 12:02:00,2026-09-05 12:13:00,FALSE,4.73043726856304e-07,1.52578820689087e-06,3.22546969818364,1.05274448003456e-06,4,0.116716301981812,0.208871245505572,0.104107607668628,8.74841680608844,22.5143076426857,15,11,-0.0216869560122008,0.266666666666667,0.363636363636364,1.15121267185714e-06,1.1741650496333e-06,2.74265991619461e-07,3.15819704144359e-07,3.80640216235406e-07,16,NOAA_0006,C,C1.5,0
EVT_0019,2026-09-05 15:08:00,2026-09-05 15:18:00,2026-09-05 15:26:00,FALSE,4.12245057646032e-07,1.01902824098943e-05,24.7189923102584,9.77803735224825e-06,10,0.16885766318836,0.318098151261974,0.123842535121387,9.83698151619479,107.882891894637,18,8,-0.0360696270982417,0.555555555555556,1.25,5.79768285852448e-06,6.96473307471023e-06,3.76076015432513e-06,4.06202484009556e-06,7.47102183140668e-06,19,NOAA_0007,M,M1.0,0
EVT_0020,2026-09-05 17:34:00,2026-09-05 17:46:00,2026-09-05 17:52:00,FALSE,6.23663396481788e-07,8.53209166962188e-06,13.6806035399113,7.90842827314009e-06,12,0.115743583792596,0.240945097937344,0.0857656475491327,9.21145306676976,81.6359002312232,18,6,-0.046340549753173,0.666666666666667,2,4.94891100731222e-06,5.65802429264295e-06,3.07341398349882e-06,3.73149078995993e-06,6.16068035697026e-06,19,NOAA_0008,C,C8.5,0
EVT_0030,2026-09-06 05:00:00,2026-09-06 05:03:00,2026-09-06 05:04:00,FALSE,5.32293142896379e-07,8.41048915845021e-07,1.58004837572884,3.08755772948642e-07,3,0.0189147991928111,0.0329638647908546,0.0223600874767649,3.38688450524464,3.93617440730974,4,1,0,0.75,3,8.04450496616482e-07,8.24511062091914e-07,4.19338829783607e-08,2.45190219743563e-08,4.23773940383397e-08,5,NOAA_0009,B,B8.4,0
EVT_0034,2026-09-06 10:36:00,2026-09-06 10:42:00,2026-09-06 10:51:00,FALSE,4.11488358054157e-07,5.08823177369777e-06,12.3654331261253,4.67674341564362e-06,6,0.187797955609015,0.355534880977987,0.154100902371462,15.2060729818623,71.8869663605914,15,9,-0.0607820722489784,0.4,0.666666666666667,2.97023855999612e-06,2.93333243917004e-06,1.50107306355591e-06,1.84493738471474e-06,2.38747006164886e-06,16,NOAA_0010,C,C5.0,0
EVT_0036,2026-09-06 13:20:00,2026-09-06 13:34:00,2026-09-06 13:35:00,FALSE,4.26989473112371e-07,1.13603653062455e-06,2.66057268893273,7.0904705751218e-07,14,0.0291593327128681,0.0441856225548145,0.0262544607324932,5.06204078698314,17.3021221848291,15,1,0,0.933333333333333,14,8.79401380160516e-07,9.47889304825367e-07,2.45936569366002e-07,2.71692172964322e-07,4.44962736878552e-07,16,NOAA_0011,C,C1.1,0
EVT_0048,2026-09-07 07:57:00,2026-09-07 08:06:00,2026-09-07 08:15:00,FALSE,4.83284992469635e-07,7.96152676230122e-07,1.64737719696551,3.12867683760488e-07,9,0.0242992656420834,0.0659544398797633,0.0213969463709113,7.4998615160202,64.1694549103368,18,9,-0.00185109260600718,0.5,1,6.50771976564245e-07,6.97586585829413e-07,1.05954010485768e-07,1.10518014400895e-07,1.91308771491095e-07,19,NOAA_0012,B,B7.9,0
EVT_0049,2026-09-07 09:30:00,2026-09-07 09:33:00,2026-09-07 09:33:00,FALSE,1.19631371475748e-08,1.00517104328901e-06,84.0223622691462,9.93207906141435e-07,3,0.491681868529749,0.555462980910996,0.481098721865457,NA,NA,3,0,0,1,NA,3.79481652323932e-07,2.3870012455518e-07,4.41916183777732e-07,2.5063736817934e-07,4.44594486559424e-07,4,NOAA_0013,U,Unspecified,NA
EVT_0050,2026-09-07 14:53:00,2026-09-07 14:59:00,2026-09-07 15:08:00,FALSE,3.24193322853716e-07,7.88592728895309e-07,2.43247677636822,4.64399406041593e-07,6,0.0687919238436014,0.10413675367894,0.0544294264077048,12.7486260021433,119.093655698173,15,9,-0.031411265948089,0.4,0.666666666666667,5.87710724531121e-07,5.82870995913254e-07,1.47862128858273e-07,1.88314060434891e-07,2.42924990345728e-07,16,NOAA_0014,B,B7.8,0
EVT_0054,2026-09-07 19:33:00,2026-09-07 19:35:00,2026-09-07 19:42:00,FALSE,3.74596140773065e-07,1.02821297787159e-06,2.74485737025917,6.53616837098526e-07,2,0.0962003259897415,0.171866914906265,0.120273036869514,7.43242799695076,8.59181232322845,9,7,-0.0195129124606664,0.222222222222222,0.285714285714286,8.257662784672e-07,7.95073333392793e-07,1.23660454876479e-07,1.20322058313605e-07,1.7942802799098e-07,10,NOAA_0015,C,C1.0,0
EVT_0067,2026-09-08 12:21:00,2026-09-08 12:24:00,2026-09-08 12:27:00,FALSE,4.12568368801658e-07,2.46855756813602e-06,5.98339028100037,2.05598919933436e-06,3,0.18884375435918,0.346837057664401,0.179962316919338,7.8531616514132,11.1616545360423,6,3,-0.147266549905014,0.5,1,1.66651618980852e-06,1.58507748437842e-06,6.55678870437197e-07,8.20983764538138e-07,9.08394497400876e-07,7,NOAA_0016,C,C2.4,0
EVT_0070,2026-09-08 15:31:00,2026-09-08 15:34:00,2026-09-08 15:39:00,FALSE,4.04402427989225e-07,6.10840402259782e-07,1.51047659455709,2.06437974270557e-07,3,0.0217620658008349,0.0382616300779652,0.0257195218583164,3.87557141296826,4.5589036023297,8,5,-0.00312594721690669,0.375,0.6,5.8738058012548e-07,6.01104829911492e-07,2.76672027583905e-08,1.44339595635742e-08,1.64180846695676e-08,9,NOAA_0017,B,B6.1,0
EVT_0072,2026-09-08 17:40:00,2026-09-08 17:43:00,2026-09-08 17:52:00,FALSE,4.40646203969664e-07,2.82366727333283e-06,6.40801452025495,2.38302106936317e-06,3,0.19206761653821,0.309551715981252,0.197972988508438,32.2215410860969,139.920083489431,12,9,-0.0940137934537295,0.25,0.333333333333333,1.50320129513113e-06,1.498740630268e-06,8.09267159064911e-07,1.11720633674395e-06,1.48434162383637e-06,13,NOAA_0019,C,C2.8,0
EVT_0074,2026-09-08 20:04:00,2026-09-08 20:07:00,2026-09-08 20:11:00,FALSE,4.22920535925186e-07,6.49206754133047e-07,1.5350561133496,2.26286218207861e-07,3,0.0309438214302159,0.0416263018404601,0.0333985763108999,4.0271979399516,5.54047865251566,7,4,-0.0210433260323255,0.428571428571429,0.75,5.83667414844058e-07,5.84693140126547e-07,4.28959939015159e-08,4.93140058836171e-08,5.28207237948668e-08,8,NOAA_0020,B,B6.4,0
EVT_0075,2026-09-08 20:37:00,2026-09-08 20:43:00,2026-09-08 20:45:00,FALSE,5.17477729999882e-07,1.28511589991831e-06,2.4834226197881,7.67638169918427e-07,6,0.0629209968050379,0.101920946556568,0.061098625359519,4.11342237660685,5.17158255470191,8,2,-0.0217261084005402,0.75,3,1.02705298685477e-06,1.14289332486806e-06,2.72067333934668e-07,1.97303218124036e-07,3.88579167065473e-07,9,NOAA_0021,C,C1.2,0
EVT_0076,2026-09-08 22:19:00,2026-09-08 22:24:00,2026-09-08 22:28:00,FALSE,8.69032959371907e-07,2.68547955784015e-06,3.09019298851574,1.81644659846824e-06,5,0.111601658045873,0.140988548397824,0.0990120764538731,4.56520299724019,4.61364163936979,9,4,-0.04607873199745,0.555555555555556,1.25,1.88228225965759e-06,1.95140228242963e-06,6.47615479705442e-07,8.03490584257812e-07,9.92321673720652e-07,10,NOAA_0023,C,C2.6,0
EVT_0077,2026-09-08 23:26:00,2026-09-08 23:39:00,2026-09-08 23:43:00,FALSE,5.14239530957639e-07,3.49865399584814e-06,6.80354929021657,2.9844144648905e-06,13,0.0675713270797302,0.0942118263780536,0.0581507757130339,7.84426012458064,34.7933841843526,17,4,-0.0192383595323294,0.764705882352941,3.25,2.21415743971597e-06,2.45056958192436e-06,1.12947152915617e-06,1.4338045830641e-06,2.15289080074399e-06,18,NOAA_0024,C,C3.4,0
EVT_0079,2026-09-09 04:40:00,2026-09-09 04:46:00,2026-09-09 04:51:00,FALSE,3.50371308854846e-07,5.03875469348713e-07,1.43811852344754,1.53504160493867e-07,6,0.0254813395397,0.0385886410501737,0.0219022215000598,6.87344599785698,25.6984717834037,11,5,-0.0274556596398289,0.545454545454545,1.2,4.31441544416581e-07,4.24736541049242e-07,4.90807646285064e-08,6.05834839404908e-08,8.3932739869397e-08,12,NOAA_0025,B,B5.0,0
EVT_0080,2026-09-09 05:56:00,2026-09-09 06:10:00,2026-09-09 06:13:00,FALSE,3.46100947012928e-07,1.59655610332266e-06,4.61297814149875,1.25045515630973e-06,14,0.0505517638355445,0.131468528920085,0.0461589500464445,8.36675681967961,24.4043844482928,17,3,-0.00158348553732202,0.823529411764706,4.66666666666667,1.10612547782946e-06,1.18316603447965e-06,4.9087982231991e-07,5.99366989456484e-07,9.00060143749214e-07,18,NOAA_0026,C,C1.5,0
EVT_0082,2026-09-09 10:27:00,2026-09-09 10:32:00,2026-09-09 10:40:00,FALSE,8.16505092871012e-07,3.21984020956734e-06,3.94344167315071,2.40333511669633e-06,5,0.104784011334701,0.178211975507687,0.0955664276255617,6.69178760606707,15.9710926524626,13,8,-0.0488141553859341,0.384615384615385,0.625,2.19314303454407e-06,2.06471725050506e-06,7.29562921512648e-07,9.99648743652417e-07,1.21348469406257e-06,14,NOAA_0027,C,C3.2,0
EVT_0088,2026-09-10 00:15:00,2026-09-10 00:40:00,2026-09-10 00:40:00,FALSE,3.50227736589659e-07,1.34075719415705e-06,3.82824389413776,9.90529457567391e-07,25,0.0264213253494314,0.0820137245566004,0.0221276038819886,4.08327143807878,23.8612200216929,25,0,0,1,NA,6.96829051076537e-07,4.97853761771694e-07,3.67415971386007e-07,1.76785159618475e-07,5.97398845059161e-07,26,NOAA_0028,C,C1.4,11
EVT_0093,2026-09-10 07:42:00,2026-09-10 07:46:00,2026-09-10 07:56:00,FALSE,3.29937961396354e-07,6.04297781592322e-07,1.83154972236244,2.74359820195968e-07,4,0.0611092648289177,0.0969952581728029,0.0529140337277703,17.0272569345678,29.7430130215976,14,10,-0.019735755687203,0.285714285714286,0.4,4.87584784044278e-07,4.69764700028463e-07,8.11787060059777e-08,9.07688484630858e-08,1.3044213176272e-07,15,NOAA_0029,B,B6.0,0
EVT_0097,2026-09-10 13:47:00,2026-09-10 13:50:00,2026-09-10 13:59:00,FALSE,4.29256402867395e-07,5.6673968629184e-07,1.32028242911712,1.37483283424445e-07,3,0.0319057479507708,0.0650334483425414,0.0314511062861771,9.14017035284177,19.4759680734853,12,9,-0.00811531935323213,0.25,0.333333333333333,5.18011616507535e-07,5.17227533691766e-07,3.52031212161601e-08,3.90155143691116e-08,5.16392333338436e-08,13,NOAA_0030,B,B5.6,0
EVT_0100,2026-09-10 16:57:00,2026-09-10 17:12:00,2026-09-10 17:12:00,FALSE,4.85129589833377e-07,1.61912851126544e-06,3.3375175318033,1.13399892143207e-06,15,0.0307861048019326,0.0669150066669264,0.0316166638295241,7.8472558006352,19.4167754342279,15,0,0,1,NA,1.12421143327879e-06,1.08835070022906e-06,3.60590747232039e-07,4.77887399557629e-07,6.27514324946788e-07,16,NOAA_0031,C,C1.6,0
EVT_0102,2026-09-10 20:02:00,2026-09-10 20:07:00,2026-09-10 20:14:00,FALSE,4.48811931619275e-07,8.120343295559e-07,1.80929755282162,3.63222397936624e-07,5,0.0442235250450031,0.110774971008333,0.0452957300062048,7.07020103085436,24.6365184648783,12,7,-0.0285952113522585,0.416666666666667,0.714285714285714,6.64707460355902e-07,6.5230375412284e-07,1.08116815260527e-07,1.31847609156921e-07,1.95964219074085e-07,13,NOAA_0032,B,B8.1,0
EVT_0105,2026-09-10 23:34:00,2026-09-10 23:36:00,2026-09-10 23:39:00,FALSE,3.74613264852996e-07,6.56927909403749e-07,1.75361625184719,2.82314644550753e-07,2,0.0994114502325445,0.138854988522827,0.0799401193136691,6.05624436270094,15.0073984645939,5,3,-0.0481387989675697,0.4,0.666666666666667,5.54330749006719e-07,5.63824414712144e-07,8.7128787183327e-08,9.21273362962436e-08,9.73976312934608e-08,6,NOAA_0033,B,B6.5,0
EVT_0107,2026-09-11 01:11:00,2026-09-11 01:14:00,2026-09-11 01:16:00,FALSE,3.82848298841054e-07,5.39178472536151e-07,1.40833451309131,1.56330173695097e-07,3,0.0365203860353069,0.0402649254261114,0.0337781278545535,4.60435925505431,11.1084781334414,5,2,-0.0397472935472134,0.6,1.5,4.80599453567266e-07,4.81338787494679e-07,4.25171415628517e-08,3.37455431662192e-08,4.45488055333952e-08,6,NOAA_0034,B,B5.3,0
