Feature,Class,N,Min,Q1,Median,Mean,Q3,Max,SD,IQR
rise_slope,B,13,0.0189147991928111,0.0244090705970474,0.0319057479507708,0.041014550715419595,0.0454164991616177,0.0994114502325445,0.023229507980734428,0.0210074285645703
rise_slope,C_plus,18,0.0129976950578285,0.05130132853776295,0.08188582653473585,0.09306568991778787,0.116473122434508,0.19206761653821,0.059501679790814235,0.06517179389674504
max_roc,B,13,0.0329638647908546,0.0402649254261114,0.0650334483425414,0.06929690217690704,0.0969952581728029,0.138854988522827,0.03404026930249111,0.056730332746691495
max_roc,C_plus,18,0.0323676222706117,0.0961391064226822,0.1564277316520445,0.1769029276454733,0.2380327150631425,0.355534880977987,0.10396381990138233,0.1418936086404603
mean_pos_roc,B,13,0.0213969463709113,0.0257195218583164,0.0333985763108999,0.03916207427449607,0.0529140337277703,0.0799401193136691,0.01756463862455765,0.027194511869453902
mean_pos_roc,C_plus,18,0.0144192893109903,0.048570734000952895,0.07614499398151756,0.08570890745776158,0.1162316795692925,0.197972988508438,0.0537986677212193,0.06766094556833961
rise_duration_min,B,13,2.0,3.0,3.0,4.0,5.0,9.0,2.0,2.0
rise_duration_min,C_plus,18,2.0,5.0,11.0,10.055555555555555,14.0,25.0,6.197458893129195,9.0
bg_flux,B,13,3.24193322853716e-07,3.74613264852996e-07,4.22920535925186e-07,4.2378893064883745e-07,4.48811931619275e-07,5.92615094774373e-07,7.808011271053865e-08,7.419866676627904e-08
bg_flux,C_plus,18,3.46100947012928e-07,4.123258854349385e-07,4.790866583448405e-07,5.199431577630598e-07,5.990980440628843e-07,8.69032959371907e-07,1.545449444620236e-07,1.8677215862794577e-07
